Nume,Link
"Laptop HP ProBook 445 G8 cu procesor AMD Ryzen 5 5600U (16M Cache, up to 4.2 GHz), 14"" FHD, 8GB, 512GB SSD, AMD Radeon Graphics, Windows 10 Pro",https://www.emag.ro/laptop-hp-probook-445-g8-cu-procesor-amd-ryzen-5-5600u-16m-cache-up-to-4-2-ghz-14-fhd-8gb-512gb-ssd-amd-radeon-graphics-windows-10-pro-4k7c8ea/pd/DN8TFCMBM/
"Laptop LG Gram 15Z90Q cu procesor Intel Core i7-1260P, 15.6"" FHD (1920*1080), 16GB DDR5, 512 GB SSD, Intel Iris Xe Graphics, Windows 11 Home Plus, Obsidian Black",https://www.emag.ro/laptop-lg-gram-15z90q-cu-procesor-intel-core-i7-1260p-15-6-fhd-1920-1080-16gb-ddr5-512-gb-ssd-intel-iris-xe-graphics-windows-11-home-plus-obsidian-black-15z90q-g-aa75h1/pd/DG7054MBM/
"Laptop Lenovo ThinkBook 15 G2 ITL cu procesor Intel® Core™ i5-1135G7 pana la 4.20 GHz, 15.6"", Full HD, IPS, 16GB, 512GB SSD, Intel Iris Xe Graphics, No OS, Mineral Grey",https://www.emag.ro/laptop-lenovo-thinkbook-15-g2-itl-cu-procesor-intelr-coretm-i5-1135g7-pana-la-4-20-ghz-15-6-full-hd-ips-16gb-512gb-ssd-intel-iris-xe-graphics-no-os-mineral-grey-20ve0056rm/pd/D59JFNMBM/
"Laptop Gaming ASUS ROG Strix G15 G513IE cu procesor AMD Ryzen™ 7 4800H, 15.6"", Full HD, 144Hz, 16GB, 512GB SSD, NVIDIA® GeForce RTX™ 3050 Ti 4GB, No OS, Eclipse Gray",https://www.emag.ro/laptop-gaming-asus-rog-strix-g15-g513ie-cu-procesor-amd-ryzentm-7-4800h-15-6-full-hd-144hz-16gb-512gb-ssd-nvidiar-geforce-rtxtm-3050-ti-4gb-no-os-eclipse-gray-g513ie-hn004/pd/DT6LJ9MBM/
"Laptop Gateway GWNR71517 Ultra Slim cu procesor AMD Ryzen™ 7 3700U pana la 4.00GHz, Memorie 8GB DDR4, 512GB SSD, video Radeon™ RX Vega 10 Graphics, Display 15.6"" Full HD, Windows 11, Gri",https://www.emag.ro/laptop-gateway-gwnr71517-ultra-slim-cu-procesor-amd-ryzentm-7-3700u-pana-la-4-00ghz-memorie-8gb-ddr4-512gb-ssd-video-radeontm-rx-vega-10-graphics-display-15-6-full-hd-windows-11-gri-lg-gwnr71517-01/pd/DP5NPRMBM/
"Laptop Gaming Lenovo Legion 5 15IAH7H cu procesor Intel® Core™ i7-12700H pana la 4.70 GHz, 15.6"", Full HD, IPS, 32GB, 512GB SSD, NVIDIA GeForce RTX 3060 6GB, No OS, Cloud Grey, 3y on-site, Premium Care",https://www.emag.ro/laptop-gaming-lenovo-legion-5-15iah7h-cu-procesor-intelr-coretm-i7-12700h-pana-la-4-70-ghz-15-6-full-hd-ips-32gb-512gb-ssd-nvidia-geforce-rtx-3060-6gb-no-os-cloud-grey-3y-on-site-premium-care-82rb00lh/pd/DF6Y8LMBM/
"Laptop Gaming HP Victus 15-fa0024nq cu procesor Intel® Core™ i5-12500H pana la 4.50 GHz, 15.6'', Full HD, IPS, 8GB DDR4, 512GB SSD, GeForce GTX 1650 4GB, Free DOS, Performance Blue",https://www.emag.ro/laptop-gaming-hp-victus-15-fa0024nq-cu-procesor-intelr-coretm-i5-12500h-pana-la-4-50-ghz-15-6-full-hd-ips-8gb-ddr4-512gb-ssd-geforce-gtx-1650-4gb-free-dos-performance-blue-6m2y9ea/pd/DK0DVCMBM/
"Laptop Gaming ASUS TUF F15 FX506HC cu procesor Intel® Core™ i5-11400H pana la 4.50 GHz, 15.6"", Full HD, IPS, 144Hz, 8GB, 1TB SSD, NVIDIA® GeForce RTX™ 3050 4GB, No OS, Graphite Black",https://www.emag.ro/laptop-gaming-asus-tuf-f15-fx506hc-cu-procesor-intelr-coretm-i5-11400h-pana-la-4-50-ghz-15-6-full-hd-ips-144hz-8gb-1tb-ssd-nvidiar-geforce-rtxtm-3050-4gb-no-os-graphite-black-fx506hc-hn053/pd/DGW6HZMBM/
"Laptop ultraportabil Lenovo Yoga7 16IAH7 cu procesor Intel Core i7-12700H, 16"", 2.5K, IPS, 32GB, 1TB SSD, Intel Arc A370M 4GB, Windows 11 Home 64, Arctic Grey",https://www.emag.ro/laptop-ultraportabil-lenovo-yoga7-16iah7-cu-procesor-intel-core-i7-12700h-16-2-5k-ips-32gb-1tb-ssd-intel-arc-a370m-4gb-windows-11-home-64-arctic-grey-82uf0051rm/pd/DKQYXQMBM/
"Laptop Gaming Lenovo IdeaPad 3 15ACH6 cu procesor AMD Ryzen™ 7 5800H pana la 4.40 GHz, 15.6"", Full HD, IPS, 120Hz, 8GB, 512GB SSD, NVIDIA GeForce RTX 3050 4GB, No OS, Shadow Black",https://www.emag.ro/laptop-gaming-lenovo-ideapad-3-15ach6-cu-procesor-amd-ryzentm-7-5800h-pana-la-4-40-ghz-15-6-full-hd-ips-120hz-8gb-512gb-ssd-nvidia-geforce-rtx-3050-4gb-no-os-shadow-black-82k2007erm/pd/DPLYXXMBM/
"Laptop Gaming Acer Nitro 5 AN515-58 cu procesor Intel® Core™ i5-12500H pana la 4.50 GHz, 15.6"", Full HD, IPS, 144Hz, 16GB, 1TB SSD, NVIDIA® GeForce RTX™ 3050 4GB, NO OS, Black",https://www.emag.ro/laptop-gaming-acer-nitro-5-an515-58-cu-procesor-intelr-coretm-i5-12500h-pana-la-4-50-ghz-15-6-full-hd-ips-144hz-16gb-1tb-ssd-nvidiar-geforce-rtxtm-3050-4gb-no-os-black-nh-qfjex-007/pd/D1N5K1MBM/
"Laptop HP 17-cp1004nq cu procesor AMD Ryzen™ 7 5825U pana la 4.50 GHz, 17.3 FHD Antiglare IPS, 16GB DDR4, 512GB PCIe SSD, AMD Radeon Integrated Graphics, Windows 11 Home, Natural Silver",https://www.emag.ro/laptop-hp-17-cp1004nq-cu-procesor-amd-ryzentm-7-5825u-pana-la-4-50-ghz-17-3-fhd-antiglare-ips-16gb-ddr4-512gb-pcie-ssd-amd-radeon-integrated-graphics-windows-11-home-natural-silver-6m2j2ea/pd/DP5QPZMBM/
"Laptop Lenovo IdeaPad 3 15ALC6 cu procesor AMD Ryzen™ 7 5700U pana la 4.3 GHz, 15.6"" Full HD, IPS, 8GB, 512GB SSD, AMD Radeon Graphics, Windows 11 Home, Abyss Blue",https://www.emag.ro/laptop-lenovo-ideapad-3-15alc6-cu-procesor-amd-ryzentm-7-5700u-pana-la-4-3-ghz-15-6-full-hd-ips-8gb-512gb-ssd-amd-radeon-graphics-windows-11-home-abyss-blue-82ku018lrm/pd/D7HFSZMBM/
"Laptop Gaming Legion 5 Pro 16ACH6H cu procesor AMD Ryzen™ 5 5600H pana la 4.2 GHz, 16"" WQXGA, IPS, 165 Hz, 16GB, 512GB SSD, NVIDIA GeForce RTX 3060 6GB, No OS, Storm Grey, 3y on-site, Premium Care",https://www.emag.ro/laptop-gaming-legion-5-pro-16ach6h-cu-procesor-amd-ryzentm-5-5600h-pana-la-4-2-ghz-16-wqxga-ips-165-hz-16gb-512gb-ssd-nvidia-geforce-rtx-3060-6gb-no-os-storm-grey-3y-on-site-premium-care-82jq011brm/pd/DMHFSZMBM/
"Laptop ASUS VivoBook 15 X1500EA cu procesor Intel® Core™ i5-1135G7 pana la 4.20 GHz, 15.6"", Full HD, IPS, 16GB, 1TB HDD + 512GB SSD, Intel® Iris® Xe Graphics, No OS, Indie Black",https://www.emag.ro/laptop-asus-vivobook-15-x1500ea-cu-procesor-intelr-coretm-i5-1135g7-pana-la-4-20-ghz-15-6-full-hd-ips-16gb-1tb-hdd-512gb-ssd-intelr-irisr-xe-graphics-no-os-indie-black-x1500ea-bq2338/pd/D3B8HZMBM/
"Laptop Lenovo ThinkBook 15 G2 ITL cu procesor Intel® Core™ i7-1165G7 pana la 4.70 GHz, 15.6"", Full HD, IPS, 16GB, 512GB SSD, NVIDIA GeForce MX450 2GB, No Os, Mineral Grey",https://www.emag.ro/laptop-lenovo-thinkbook-15-g2-itl-cu-procesor-intelr-coretm-i7-1165g7-pana-la-4-70-ghz-15-6-full-hd-ips-16gb-512gb-ssd-nvidia-geforce-mx450-2gb-no-os-mineral-grey-20ve00lfrm/pd/DMNT49MBM/
"Laptop Gaming HP VICTUS 16-d1013nq cu procesor Intel® Core™ i7-12700H pana la 4.70 GHz, 16.1"", Full HD, IPS, 144Hz, 16GB, 512GB SSD, NVIDIA® GeForce RTX™ 3050 Ti 4GB, Free DOS, Mica Silver",https://www.emag.ro/laptop-gaming-hp-victus-16-d1013nq-cu-procesor-intelr-coretm-i7-12700h-pana-la-4-70-ghz-16-1-full-hd-ips-144hz-16gb-512gb-ssd-nvidiar-geforce-rtxtm-3050-ti-4gb-free-dos-mica-silver-6m374ea/pd/D540SLMBM/
"Laptop Apple MacBook Air 13-inch, cu procesor Apple M2, 8 nuclee CPU si 10 nuclee GPU, 8GB, 512GB, Midnight, Layout INT",https://www.emag.ro/laptop-apple-macbook-air-13-inch-cu-procesor-apple-m2-8-nuclee-cpu-si-10-nuclee-gpu-8gb-512gb-midnight-layout-int-mly43ze-a/pd/DH36H4MBM/
"Laptop LG Gram 17Z90Q cu procesor Intel Core i7-1260P, 17.3"" WQXGA (2560*1600), 32GB DDR5, 1 TB SSD, Intel Iris Xe Graphics, Windows 11 Advanced, Obsidian Black",https://www.emag.ro/laptop-lg-gram-17z90q-cu-procesor-intel-core-i7-1260p-17-3-wqxga-2560-1600-32gb-ddr5-1-tb-ssd-intel-iris-xe-graphics-windows-11-advanced-obsidian-black-17z90q-g-ad78h1/pd/DR7054MBM/
"Laptop ultraportabil ASUS Zenbook 14 OLED UX3402ZA cu procesor Intel® Core™ i5-1240P pana la 4.40 GHz, 14"", 2.8K OLED, 16GB, 1TB M.2 NVMe™ PCIe® 3.0 SSD, Intel® Iris® Xe Graphics, Windows 11 Home, Aqua Celadon",https://www.emag.ro/laptop-ultraportabil-asus-zenbook-14-oled-ux3402za-cu-procesor-intelr-coretm-i5-1240p-pana-la-4-40-ghz-14-2-8k-oled-16gb-1tb-m-2-nvmetm-pcier-3-0-ssd-intelr-irisr-xe-graphics-windows-11-home-aqua-cela/pd/DMB8HZMBM/
"Laptop Gaming Lenovo IdeaPad 3 15IHU6 cu procesor Intel Core™ i5-11320H pana la 4.50 GHz, 15.6"" Full HD, IPS, 8GB, 256GB SSD, NVIDIA GeForce RTX 3050 4GB, No OS, Shadow Black",https://www.emag.ro/laptop-gaming-lenovo-ideapad-3-15ihu6-cu-procesor-intel-coretm-i5-11320h-pana-la-4-50-ghz-15-6-full-hd-ips-8gb-256gb-ssd-nvidia-geforce-rtx-3050-4gb-no-os-shadow-black-82k101a9rm/pd/D3HFSZMBM/
"Laptop HP 255 G8 cu procesor AMD Ryzen™ 3 3250U, 15.6"", Full HD, 8GB, 256Gb SSD, AMD Radeon Graphics, Free DOS, Dark Ash Silver",https://www.emag.ro/laptop-hp-255-g8-cu-procesor-amd-ryzentm-3-3250u-15-6-full-hd-8gb-256gb-ssd-amd-radeon-graphics-free-dos-dark-ash-silver-27k52ea/pd/DH9VQXMBM/
"Laptop Apple MacBook Pro 13-inch, cu procesor Apple M2, 8 nuclee CPU si 10 nuclee GPU, 8 GB, 512GB SSD, Space Grey, Layout INT",https://www.emag.ro/laptop-apple-macbook-pro-13-inch-cu-procesor-apple-m2-8-nuclee-cpu-si-10-nuclee-gpu-8-gb-512gb-ssd-space-grey-layout-int-mnej3ze-a/pd/DF36H4MBM/
"Laptop HP Pavilion 15-eh2007nq cu procesor AMD Ryzen™ 5 5625U pana la 4.30 GHz, 15.6 FHD, 16GB DDR4, 512GB PCIe SSD, AMD Radeon Integrated Graphics, Windows 11 Home, Fog Blue",https://www.emag.ro/laptop-hp-pavilion-15-eh2007nq-cu-procesor-amd-ryzentm-5-5625u-pana-la-4-30-ghz-15-6-fhd-16gb-ddr4-512gb-pcie-ssd-amd-radeon-integrated-graphics-windows-11-home-fog-blue-6m355ea/pd/DD5QPZMBM/
"Laptop Gaming Lenovo IdeaPad 3 15ACH6 cu procesor AMD Ryzen™ 5 5600H pana la 4.20 GHz, 15.6"", Full HD, IPS, 8GB, 512GB SSD, NVIDIA GeForce GTX 1650 4GB, No OS, Shadow Black",https://www.emag.ro/laptop-gaming-lenovo-ideapad-3-15ach6-cu-procesor-amd-ryzentm-5-5600h-pana-la-4-20-ghz-15-6-full-hd-ips-8gb-512gb-ssd-nvidia-geforce-gtx-1650-4gb-no-os-shadow-black-82k2007brm/pd/D7YGGPMBM/
"Laptop Gaming Lenovo IdeaPad 3 15ACH6 cu procesor AMD Ryzen™ 7 5800H pana la 4.40 GHz, 15.6"", Full HD, IPS, 16GB, 512GB SSD, NVIDIA GeForce RTX 3050 4GB, No OS, Shadow Black",https://www.emag.ro/laptop-gaming-lenovo-ideapad-3-15ach6-cu-procesor-amd-ryzentm-7-5800h-pana-la-4-40-ghz-15-6-full-hd-ips-16gb-512gb-ssd-nvidia-geforce-rtx-3050-4gb-no-os-shadow-black-82k201sfrm/pd/DHP2W4MBM/
"Laptop Gaming ASUS ROG Strix G15 G513RC cu procesor AMD Ryzen™ 7 6800H, 15.6"", Full HD, 144Hz, 8GB RAM DDR5, 512GB SSD, NVIDIA® GeForce RTX™ 3050 4GB, No OS, Eclipse Gray",https://www.emag.ro/laptop-gaming-asus-rog-strix-g15-g513rc-cu-procesor-amd-ryzentm-7-6800h-15-6-full-hd-144hz-8gb-ram-ddr5-512gb-ssd-nvidiar-geforce-rtxtm-3050-4gb-no-os-eclipse-gray-g513rc-hn038/pd/DFNBDJMBM/
"Laptop ultraportabil Lenovo ThinkPad T14 Gen 3 cu procesor Intel® Core™ i7-1260P pana la 4.70 GHz, 14"", WUXGA, IPS, 32GB, 1TB SSD, NVIDIA GeForce MX550 2GB, Windows 11 Pro, Thunder Black",https://www.emag.ro/laptop-ultraportabil-lenovo-thinkpad-t14-gen-3-cu-procesor-intelr-coretm-i7-1260p-pana-la-4-70-ghz-14-wuxga-ips-32gb-1tb-ssd-nvidia-geforce-mx550-2gb-windows-11-pro-thunder-black-21ah008lri/pd/DSXYWCMBM/
"Laptop ASUS ExpertBook L1500CDA cu procesor AMD Ryzen 3 3250U, 15.6'', Full HD, 8GB, 512GB SSD, AMD Radeon Graphics, No OS, Star Black",https://www.emag.ro/laptop-asus-expertbook-l1500cda-cu-procesor-amd-ryzen-3-3250u-15-6-full-hd-8gb-512gb-ssd-amd-radeon-graphics-no-os-star-black-l1500cda-bq0518/pd/DCY9Z9MBM/
"Laptop Lenovo ThinkBook 15 G3 ACL cu procesor AMD Ryzen™ 5 5500U pana la 4.0 GHz, 15.6"", Full HD, IPS, 16GB, 512GB SSD, AMD Radeon™ Graphics, Windows 10 Pro, Mineral Grey",https://www.emag.ro/laptop-lenovo-thinkbook-15-g3-acl-cu-procesor-amd-ryzentm-5-5500u-pana-la-4-0-ghz-15-6-full-hd-ips-16gb-512gb-ssd-amd-radeontm-graphics-windows-10-pro-mineral-grey-21a4002erm/pd/D12MRJMBM/
"Laptop ASUS X515MA-EJ450, Intel Celeron Dual Core N4020, 15.6inch, RAM 8GB, SSD 256GB, Intel UHD Graphics 600, No OS, Slate Grey",https://www.emag.ro/laptop-asus-intel-celeron-dual-core-n4020-15-6inch-ram-8gb-ssd-256gb-intel-uhd-graphics-600-no-os-slate-grey-x515ma-ej450/pd/D1V5XZMBM/
"Laptop ultraportabil Lenovo Yoga Slim 7 13ACN5 cu procesor AMD Ryzen™ 5 5600U pana la 4.3 GHz, 13.3"", 2.5K, IPS, 8GB, 512GB SSD, AMD Radeon Graphics, Windows 11 Home, Light Silver, 3y on-site Premium Care",https://www.emag.ro/laptop-ultraportabil-lenovo-yoga-slim-7-13acn5-cu-procesor-amd-ryzentm-5-5600u-pana-la-4-3-ghz-13-3-2-5k-ips-8gb-512gb-ssd-amd-radeon-graphics-windows-11-home-light-silver-3y-on-site-premium-care-82cy/pd/D8J12XMBM/
"Laptop Gaming Lenovo Legion 5 15IAH7H cu procesor Intel® Core™ i7-12700H pana la 4.70 GHz, 15.6"", Full HD, IPS, 16GB, 512GB SSD, NVIDIA GeForce RTX 3070 8GB, No OS, Cloud Grey, 3y on-site, Premium Care",https://www.emag.ro/laptop-gaming-lenovo-legion-5-15iah7h-cu-procesor-intelr-coretm-i7-12700h-pana-la-4-70-ghz-15-6-full-hd-ips-16gb-512gb-ssd-nvidia-geforce-rtx-3070-8gb-no-os-cloud-grey-3y-on-site-premium-care-82rb00lj/pd/D09PJLMBM/
"Laptop Lenovo IdeaPad 5 14ALC05 cu procesor AMD Ryzen 7 5700U pana la 4.30 GHz, 14"" Full HD, 16GB, 512GB SSD, AMD Radeon Graphics, No OS, Graphite Grey",https://www.emag.ro/laptop-lenovo-ideapad-5-14alc05-cu-procesor-amd-ryzen-7-5700u-pana-la-4-30-ghz-14-full-hd-16gb-512gb-ssd-amd-radeon-graphics-no-os-graphite-grey-82lm00v8rm/pd/D0HFSZMBM/
"Laptop Lenovo IdeaPad 5 15ABA7 cu procesor AMD Ryzen 7 5825U pana la 4.5 GHz, 15.6"" Full HD, 16GB, 512GB SSD, AMD Radeon Graphics, No OS, Cloud Grey",https://www.emag.ro/laptop-lenovo-ideapad-5-15aba7-cu-procesor-amd-ryzen-7-5825u-pana-la-4-5-ghz-15-6-full-hd-16gb-512gb-ssd-amd-radeon-graphics-no-os-cloud-grey-82sg004vrm/pd/DLHFSZMBM/
"Laptop Lenovo ThinkPad L15 Gen 2 cu procesor AMD Ryzen 7 PRO 5850U, 15.6"", Full HD, 16GB, 512GB SSD, AMD Radeon Graphics, Free DOS, Black",https://www.emag.ro/laptop-lenovo-thinkpad-l15-gen-2-cu-procesor-amd-ryzen-7-pro-5850u-15-6-full-hd-16gb-512gb-ssd-amd-radeon-graphics-free-dos-black-20x7004lri/pd/DRJJ1XMBM/
"Laptop ultraportabil Acer Aspire 5 A515-45 cu procesor AMD Ryzen™ 5 5500U pana la 4.00 GHz, 15.6"", Full HD, IPS, 8GB, 512GB SSD, AMD Radeon™ Graphics, No OS, Silver",https://www.emag.ro/laptop-ultraportabil-acer-aspire-5-a515-45-cu-procesor-amd-ryzentm-5-5500u-pana-la-4-00-ghz-15-6-full-hd-ips-8gb-512gb-ssd-amd-radeontm-graphics-no-os-silver-nx-a82ex-005/pd/D3PMG4MBM/
"Laptop ASUS VivoBook 15 X1500EA cu procesor Intel® Core™ i7-1165G7 pana la 4.70 GHz, 15.6"" Full HD, IPS, 16GB, 512GB SSD cu 32GB Intel Optane Memory, Intel® Iris Xe Graphics, No OS, Indie Black",https://www.emag.ro/laptop-asus-vivobook-15-x1500ea-cu-procesor-intelr-coretm-i7-1165g7-pana-la-4-70-ghz-15-6-full-hd-ips-16gb-512gb-ssd-cu-32gb-intel-optane-memory-intelr-iris-xe-graphics-no-os-indie-black-x1500ea-bq234/pd/D3PFSZMBM/
"Laptop ultraportabil Microsoft Surface Go cu procesor Intel Core i5-1035G1, 12.4"", Touch, 4GB, 64GB eMMC, Windows 10 Home S, Platinum",https://www.emag.ro/laptop-ultraportabil-microsoft-surface-go-cu-procesor-intel-core-i5-1035g1-12-4-touch-4gb-64gb-emmc-windows-10-home-s-platinum-1zo-00009/pd/DR8S09MBM/
"Laptop Lenovo IdeaPad 3 15ITL6 cu procesor Intel® Core™ i5-1135G7 pana la 4.20 GHz, 15.6"", Full HD, 8GB, 256GB SSD,Intel Iris Xe Graphics, No OS, Sand",https://www.emag.ro/laptop-lenovo-ideapad-3-15itl6-cu-procesor-intelr-coretm-i5-1135g7-pana-la-4-20-ghz-15-6-full-hd-8gb-256gb-ssd-intel-iris-xe-graphics-no-os-sand-82h801f7rm/pd/DM788FMBM/
"Laptop Intel® NUC X15 King County, GeForce RTX 3060, 32GB, SSD 1TB, CPU i7-11800H, 4.6GHz, 24Mb",https://www.emag.ro/laptop-intelr-nuc-x15-king-county-geforce-rtx-3060-32gb-ssd-1tb-cpu-i7-11800h-4-6ghz-24mb-99ajgn-321000-uk/pd/DVWY84MBM/
"Laptop ASUS X515FA cu procesor Intel® Core™ i3-10110U pana la 4.10 GHz, 15.6"", Full HD, IPS, 8GB, 256GB SSD, Intel® UHD Graphics, No OS",https://www.emag.ro/laptop-asus-x515fa-cu-procesor-intelr-coretm-i3-10110u-pana-la-4-10-ghz-15-6-full-hd-ips-8gb-256gb-ssd-intelr-uhd-graphics-no-os-x515fa-bq019/pd/DK1014MBM/
"Laptop Gaming HP VICTUS 15-fa0004nq cu procesor Intel® Core™ i7-12700H pana la 4.70 GHz, 15.6 FHD IPS, 16GB DDR4, 512GB PCIe SSD, Nvidia GeForce RTX 3050 Ti 4GB, FreeDOS, Mica Silver",https://www.emag.ro/laptop-gaming-hp-victus-15-fa0004nq-cu-procesor-intelr-coretm-i7-12700h-pana-la-4-70-ghz-15-6-fhd-ips-16gb-ddr4-512gb-pcie-ssd-nvidia-geforce-rtx-3050-ti-4gb-freedos-mica-silver-6m2x2ea/pd/DJ5QPZMBM/
"Laptop ultraportabil Lenovo Yoga 7 14ARB7 cu procesor AMD Ryzen™ 7 6800U, 14"", 2.8K, OLED, 16GB, 512GB SSD, AMD Radeon 680M Graphics, Windows 11 Home, Stone Blue, 3y on-site, Premium Care",https://www.emag.ro/laptop-ultraportabil-lenovo-yoga-7-14arb7-cu-procesor-amd-ryzentm-7-6800u-14-2-8k-oled-16gb-512gb-ssd-amd-radeon-680m-graphics-windows-11-home-stone-blue-3y-on-site-premium-care-82qf0056rm/pd/DFVPCZMBM/
"Laptop Lenovo V15 G2 ALC cu procesor AMD Ryzen 5 5500U pana la 4.00 GHz, 15.6"", Full HD, 8GB, 512GB SSD, AMD Radeon Graphics, No OS, Black",https://www.emag.ro/laptop-lenovo-v15-g2-alc-cu-procesor-amd-ryzen-5-5500u-pana-la-4-00-ghz-15-6-full-hd-8gb-512gb-ssd-amd-radeon-graphics-no-os-black-82kd0043rm/pd/D1K5X0MBM/
"Laptop Gaming ASUS ROG Strix SCAR 15 cu procesor Intel® Core™ i9-12900H pana la 5.00 GHz, 15.6"", Full HD, 300Hz, 32GB DDR5, 1TB PCIe® 4.0 NVMe™ M.2, NVIDIA® GeForce RTX™ 3080 Ti 16GB GDDR6, No OS",https://www.emag.ro/laptop-gaming-asus-rog-strix-scar-15-cu-procesor-intelr-coretm-i9-12900h-pana-la-5-00-ghz-15-6-full-hd-300hz-32gb-ddr5-1tb-pcier-4-0-nvmetm-m-2-nvidiar-geforce-rtxtm-3080-ti-16gb-gddr6-no-os-g533zx-hf/pd/DQ1V14MBM/
"Laptop Lenovo IdeaPad 3 15ALC6 cu procesor AMD Ryzen™ 3 5300U pana la 3.80 GHz, 15.6"", Full HD, IPS, 4GB, 128GB SSD, AMD Radeon™ Graphics, Windows 11 Home S, Abyss Blue",https://www.emag.ro/laptop-lenovo-ideapad-3-15alc6-cu-procesor-amd-ryzentm-3-5300u-pana-la-3-80-ghz-15-6-full-hd-ips-4gb-128gb-ssd-amd-radeontm-graphics-windows-11-home-s-abyss-blue-82ku0195rm/pd/D32B5LMBM/
"Laptop LG Gram 16Z90Q cu procesor Intel Core i7-1260P, 16"" WQXGA (2560*1600), 16GB DDR5, 512GB SSD, Intel Iris Xe Graphics, Windows 11 Home Plus, Obsidian Black",https://www.emag.ro/laptop-lg-gram-16z90q-cu-procesor-intel-core-i7-1260p-16-wqxga-2560-1600-16gb-ddr5-512gb-ssd-intel-iris-xe-graphics-windows-11-home-plus-obsidian-black-16z90q-g-aa75h1/pd/DZ7054MBM/
"Laptop ASUS VivoBook Pro 16 K6602ZE cu procesor Intel® Core™ i7-12700H pana la 4.70 GHz, 16'', WQXGA, IPS, 16GB, 1 TB SSD, NVIDIA® GeForce® RTX™ 3050 Ti 4GB, Windows 11 Pro, Quiet Blue",https://www.emag.ro/laptop-asus-vivobook-pro-16-k6602ze-cu-procesor-intelr-coretm-i7-12700h-pana-la-4-70-ghz-16-wqxga-ips-16gb-1-tb-ssd-nvidiar-geforcer-rtxtm-3050-ti-4gb-windows-11-pro-quiet-blue-k6602ze-kv040x/pd/D14WBQMBM/
"Laptop ASUS P1512CEA Procesor Intel® Pentium® Gold 7505 pana la 3.50 GHz, 15.6"" Full HD, 4GB, 128GB SSD, Intel® UHD Graphics, Windows 11 Pro, Slate Grey",https://www.emag.ro/laptop-asus-p1512cea-procesor-intelr-pentiumr-gold-7505-pana-la-3-50-ghz-15-6-full-hd-4gb-128gb-ssd-intelr-uhd-graphics-windows-11-pro-slate-grey-p1512cea-bq0807x/pd/DKXM1QMBM/
"Laptop Acer Aspire A517-52 cu procesor Intel® Core™ i7-1165G7, 17.3"" FHD IPS, 24GB DDR4, 512GB SSD, Intel® Iris® Xe Graphics, No OS, Silver",https://www.emag.ro/laptop-acer-aspire-a517-52-cu-procesor-intelr-coretm-i7-1165g7-17-3-fhd-ips-24gb-ddr4-512gb-ssd-intelr-irisr-xe-graphics-no-os-silver-nx-a5cex-009/pd/D82KLZMBM/
"Laptop ultraportabil Lenovo Yoga 7 14IAL7 cu procesor Intel® Core™ i5-1240P pana la 4.40 GHz, 14"", 2.8K, OLED, Touch, 16GB, 512GB SSD, Intel Iris Xe Graphics, Windows 11 Home, Storm Grey, 3y on-site, Premium Care",https://www.emag.ro/laptop-ultraportabil-lenovo-yoga-7-14ial7-cu-procesor-intelr-coretm-i5-1240p-pana-la-4-40-ghz-14-2-8k-oled-touch-16gb-512gb-ssd-intel-iris-xe-graphics-windows-11-home-storm-grey-3y-on-site-premium-car/pd/DSKCD1MBM/
"Laptop Gaming HP Victus 16-d0100nq cu procesor Intel® Core™ i5-11400H, 16.1"", Full HD, 16GB, 512GB SSD, NVIDIA® GeForce RTX™ 3050 Ti 4GB, Free DOS, Mica Silver",https://www.emag.ro/laptop-gaming-hp-victus-16-d0100nq-cu-procesor-intelr-coretm-i5-11400h-16-1-full-hd-16gb-512gb-ssd-nvidiar-geforce-rtxtm-3050-ti-4gb-free-dos-mica-silver-5d549ea/pd/D9HBPJMBM/
"Laptop ultraportabil Lenovo Yoga Slim 7 Pro 14IHU5 O cu procesor Intel® Core™ i5-11320H pana la 4.50 GHz, 14"", 2.8K, OLED, 16GB, 512GB SSD, Intel® Iris® Xe Graphics, Windows 11 Home, Light Silver, 3y on-site, Premium Care",https://www.emag.ro/laptop-ultraportabil-lenovo-yoga-slim-7-pro-14ihu5-o-cu-procesor-intelr-coretm-i5-11320h-pana-la-4-50-ghz-14-2-8k-oled-16gb-512gb-ssd-intelr-irisr-xe-graphics-windows-11-home-light-silver-3y-on-site-p/pd/DJKCD1MBM/
"Laptop Gaming HP Victus 15-fa0016nq cu procesor Intel® Core™ i5-12500H pana la 4.5GHz, 15.6"", Full HD, IPS, 16GB DDR4, 512GB SSD, NVIDIA® GeForce RTX™ 3050 4GB GDDR6, Free DOS, Mica Silver",https://www.emag.ro/laptop-gaming-hp-victus-15-fa0016nq-cu-procesor-intelr-coretm-i5-12500h-pana-la-4-5ghz-15-6-full-hd-ips-16gb-ddr4-512gb-ssd-nvidiar-geforce-rtxtm-3050-4gb-gddr6-free-dos-mica-silver-6m365ea/pd/DT0LHQMBM/
"Laptop HP 15s-fq2010nq cu procesor Intel® Core™ i7-1165G7 pana la 4.70 GHz, 15.6"", Full HD, 8GB, 256GB SSD, Intel® Iris® Xᵉ Graphics, Free DOS, Indigo Blue",https://www.emag.ro/laptop-hp-15s-fq2010nq-cu-procesor-intelr-coretm-i7-1165g7-pana-la-4-70-ghz-15-6-full-hd-8gb-256gb-ssd-intelr-irisr-x-graphics-free-dos-indigo-blue-2l9w2ea/pd/DM81NDMBM/
"Laptop ASUS Gaming TUF F15 FX507ZE cu procesor Intel® Core™ i7-12700H pana la 4.70 GHz, 15.6'', FHD, 16GB DDR5, 1TB SSD, GeForce RTX 3050 Ti 4GB, No OS, Mecha Gray",https://www.emag.ro/laptop-asus-gaming-tuf-f15-fx507ze-cu-procesor-intelr-coretm-i7-12700h-pana-la-4-70-ghz-15-6-fhd-16gb-ddr5-1tb-ssd-geforce-rtx-3050-ti-4gb-no-os-mecha-gray-fx507ze-hn067/pd/D7J6HLMBM/
"Laptop Ultrabook ASUS 15.6'' P1512CEA-EJ0186MXM , FHD, Procesor Intel® Core™ i3-1115G4 (6M Cache, up to 4.10 GHz), 8GB DDR4, 256GB SSD, GMA UHD, No OS, Slate Grey",https://www.emag.ro/laptop-ultrabook-asus-15-6-p1512cea-ej0186mxm-fhd-procesor-intelr-coretm-i3-1115g4-6m-cache-up-to-4-10-ghz-8gb-ddr4-256gb-ssd-gma-uhd-no-os-slate-grey-p1512cea-ej0186mxm-upgrade/pd/DQJF5VMBM/
"Laptop Gaming Acer Nitro 5 AN515-57 cu procesor Intel® Core™ i7-11800H pana la 4.60 GHz, 15.6"" Full HD, IPS, 144Hz, 16GB, 512GB SSD, NVIDIA® GeForce RTX™ 3050Ti 4GB, No OS, Black",https://www.emag.ro/laptop-gaming-acer-nitro-5-an515-57-cu-procesor-intelr-coretm-i7-11800h-pana-la-4-60-ghz-15-6-full-hd-ips-144hz-16gb-512gb-ssd-nvidiar-geforce-rtxtm-3050ti-4gb-no-os-black-nh-qesex-008/pd/DZ5RGLMBM/
"Laptop ultraportabil HP 14s-dq5006nq cu procesor Intel® Core™ i5-1235U pana la 4.40 GHz, 14"", Full HD, 16GB, 512GB SSD, Intel® Iris® Xe Graphics, Windows 11 Home",https://www.emag.ro/laptop-ultraportabil-hp-14s-dq5006nq-cu-procesor-intelr-coretm-i5-1235u-pana-la-4-40-ghz-14-full-hd-16gb-512gb-ssd-intelr-irisr-xe-graphics-windows-11-home-6m2a5ea/pd/DCKLDZMBM/
"Laptop Lenovo ThinkPad E15 Gen 2 cu procesor Intel® Core™ i7-1165G7 pana la 4.70 GHz, 15.6"", Full HD, IPS, 16GB, 512GB SSD, Intel® Iris® Xe Graphics, Windows 11 Pro, Black",https://www.emag.ro/laptop-lenovo-thinkpad-e15-gen-2-cu-procesor-intelr-coretm-i7-1165g7-pana-la-4-70-ghz-15-6-full-hd-ips-16gb-512gb-ssd-intelr-irisr-xe-graphics-windows-11-pro-black-20td00glri/pd/DSMXYSMBM/?
"Laptop ultraportabil HP Pavilion x360 14-ek0008nn cu procesor Intel® Core™ i5-1235U pana la 4.40 GHz, 14"", Full HD, IPS, 8GB, 512GB SSD, Intel® Iris® Xe Graphics, Windows 11 Home",https://www.emag.ro/laptop-ultraportabil-hp-pavilion-x360-14-ek0008nn-cu-procesor-intelr-coretm-i5-1235u-pana-la-4-40-ghz-14-full-hd-ips-8gb-512gb-ssd-intelr-irisr-xe-graphics-windows-11-home-6m2n6ea/pd/DLKLDZMBM/?
"Laptop Huawei MateBook D15 cu procesor Intel® Core™ i3-1115G4 pana la 4.10 GHz, 15.6"", Full HD, 8GB, 256GB SSD, Intel® UHD Graphics, Windows 11 Home, Sliver",https://www.emag.ro/laptop-huawei-matebook-d15-cu-procesor-intelr-coretm-i3-1115g4-pana-la-4-10-ghz-15-6-full-hd-8gb-256gb-ssd-intelr-uhd-graphics-windows-11-home-sliver-53013awc/pd/DHFH7VMBM/?
"Laptop Gaming HP OMEN 17-ck0011nq cu procesor Intel® Core™ i5-11400H pana la 4.50 GHz, 17.3"", Full HD, IPS, 16GB, 512GB SSD, NVIDIA® GeForce RTX™ 3060 6GB, Free DOS, Black",https://www.emag.ro/laptop-gaming-hp-omen-17-ck0011nq-cu-procesor-intelr-coretm-i5-11400h-pana-la-4-50-ghz-17-3-full-hd-ips-16gb-512gb-ssd-nvidiar-geforce-rtxtm-3060-6gb-free-dos-black-4q737ea/pd/D95K79MBM/?
"Laptop ultraportabil Lenovo Yoga 7 14IAL7 cu procesor Intel® Core™ i7-1260P pana la 4.70 GHz, 14"", 2.8K, OLED, Touch, 16GB, 512GB SSD, Intel Iris Xe Graphics, Windows 11 Home, Storm Grey, 3y on-site, Premium Care",https://www.emag.ro/laptop-ultraportabil-lenovo-yoga-7-14ial7-cu-procesor-intelr-coretm-i7-1260p-pana-la-4-70-ghz-14-2-8k-oled-touch-16gb-512gb-ssd-intel-iris-xe-graphics-windows-11-home-storm-grey-3y-on-site-premium-car/pd/DZLMY1MBM/?
"Laptop Dell Inspiron 3511 cu procesor Intel® Core™ i5-1135G7 pana la 4.20 GHz, 15.6"" FHD, 16GB, 512GB M.2 PCIe NVMe SSD, GeForce MX350 2GB GDDR5, Ubuntu",https://www.emag.ro/laptop-dell-inspiron-3511-cu-procesor-intelr-coretm-i5-1135g7-pana-la-4-20-ghz-15-6-fhd-16gb-512gb-m-2-pcie-nvme-ssd-geforce-mx350-2gb-gddr5-ubuntu-di3511i516512nub/pd/D84WXZMBM/?
"Laptop Gaming ASUS TUF F17 FX707ZE cu procesor Intel® Core™ i7-12700H pana la 4.70 GHz, 17.3'', Full HD, 144Hz, 16GB DDR5, 512GB SSD, NVIDIA® GeForce RTX 3050 Ti 4GB, No OS, Jaeger Gray",https://www.emag.ro/laptop-gaming-asus-tuf-f17-fx707ze-cu-procesor-intelr-coretm-i7-12700h-pana-la-4-70-ghz-17-3-full-hd-144hz-16gb-ddr5-512gb-ssd-nvidiar-geforce-rtx-3050-ti-4gb-no-os-jaeger-gray-fx707ze-hx078/pd/D1MJDRMBM/?
"Laptop 2 in 1 ASUS Zenbook S 13 Flip OLED UP5302ZA cu procesor Intel® Core™ i7-1260P pana la 4.70 GHz, 13.3"", 2.8K, OLED, Touch, 16GB, 1TB SSD, Intel® Iris Xe Graphics, Windows 11 Home, Ponder Blue",https://www.emag.ro/laptop-2-in-1-asus-zenbook-s-13-flip-oled-up5302za-cu-procesor-intelr-coretm-i7-1260p-pana-la-4-70-ghz-13-3-2-8k-oled-touch-16gb-1tb-ssd-intelr-iris-xe-graphics-windows-11-home-ponder-blue-up5302za-lx/pd/DW4WBQMBM/?
"Laptop HP ProBook 470 G9 cu procesor Intel® Core™ i5-1235U pana la 4.4GHz, 17.3"", Full HD, IPS, 16GB DDR4, 512GB SSD, NVIDIA® GeForce® MX550 2GB GDDR6, Windows 11 Pro, Asteroid Silver",https://www.emag.ro/laptop-hp-probook-470-g9-cu-procesor-intelr-coretm-i5-1235u-pana-la-4-4ghz-17-3-full-hd-ips-16gb-ddr4-512gb-ssd-nvidiar-geforcer-mx550-2gb-gddr6-windows-11-pro-asteroid-silver-6s768ea/pd/DK0LHQMBM/?
"Laptop ultraportabil HP Chromebook x360 14a-ca0003nn cu procesor Intel® Celeron® Processor N4020 pana la 2.80 GHz, Touch, 14.0 HD, 4GB, 64GB eMMC, Intel UHD Graphics, Chrome64, Ceramic White",https://www.emag.ro/laptop-ultraportabil-hp-chromebook-x360-14a-ca0003nn-cu-procesor-intelr-celeronr-processor-n4020-pana-la-2-80-ghz-touch-14-0-hd-4gb-64gb-emmc-intel-uhd-graphics-chrome64-ceramic-white-675x1ea/pd/DQRQPZMBM/?
"Laptop Gaming Gigabyte G5 cu procesor Intel® Core™ i5-12500H pana la 4.50 GHz, 15.6"", Full HD, 144Hz, 16GB, 512GB SSD, NVIDIA GeForce RTX 3050 Ti, Free DOS",https://www.emag.ro/laptop-gaming-gigabyte-g5-cu-procesor-intelr-coretm-i5-12500h-pana-la-4-50-ghz-15-6-full-hd-144hz-16gb-512gb-ssd-nvidia-geforce-rtx-3050-ti-free-dos-g5-me-51ee213sd/pd/D2B6XQMBM/?
"Laptop HP 15s-fq5041nq cu procesor Intel Core I3 1215U, 15.6"", Full HD, 8GB, 256GB SSD, Intel® UHD Graphics, Free Dos, Grey",https://www.emag.ro/laptop-hp-15s-fq5041nq-cu-procesor-intel-core-i3-1215u-15-6-full-hd-8gb-256gb-ssd-intelr-uhd-graphics-free-dos-grey-6m294ea/pd/DQ456CMBM/?
"Laptop Gaming HP VICTUS 15-fa0020nq cu procesor Intel® Core™ i7-12700H pana la 4.70 GHz, 15.6"", Full HD, 8GB , 512GB SSD, Nvidia GeForce GTX 1650 4GB, Free DOS, Ceramic White",https://www.emag.ro/laptop-gaming-hp-victus-15-fa0020nq-cu-procesor-intelr-coretm-i7-12700h-pana-la-4-70-ghz-15-6-full-hd-8gb-512gb-ssd-nvidia-geforce-gtx-1650-4gb-free-dos-ceramic-white-6m2y3ea/pd/DL456CMBM/?
"Laptop HP 15s-fq5018nq cu procesor Intel® Core™ i5-1235U pana la 4.40 GHz, 15.6"", Full HD, 8GB, 512GB SSD, Intel® Iris® Xe Graphics, Windows 11 Home",https://www.emag.ro/laptop-hp-15s-fq5018nq-cu-procesor-intelr-coretm-i5-1235u-pana-la-4-40-ghz-15-6-full-hd-8gb-512gb-ssd-intelr-irisr-xe-graphics-windows-11-home-6m272ea/pd/DSKLDZMBM/?
"Laptop HP 250 G9 cu procesor Intel® Core™ i5-1235U pana la 4.40 GHz, 15.6"", Full HD, 8GB, 512GB SSD, Intel® Iris Xe Graphics, Free DOS, Asteroid Silver",https://www.emag.ro/laptop-hp-250-g9-cu-procesor-intelr-coretm-i5-1235u-pana-la-4-40-ghz-15-6-full-hd-8gb-512gb-ssd-intelr-iris-xe-graphics-free-dos-asteroid-silver-6s778ea/pd/DY4JHQMBM/?
"Laptop Gaming Acer Nitro 5 AN517-55 cu procesor Intel® Core™ i5-12500H pana la 4.50 GHz, 17.3"", Full HD, IPS, 144Hz, 16GB, 512GB SSD, NVIDIA® GeForce RTX™ 3050 4GB, NO OS, Black",https://www.emag.ro/laptop-gaming-acer-nitro-5-an517-55-cu-procesor-intelr-coretm-i5-12500h-pana-la-4-50-ghz-17-3-full-hd-ips-144hz-16gb-512gb-ssd-nvidiar-geforce-rtxtm-3050-4gb-no-os-black-nh-qg1ex-007/pd/DQN5K1MBM/?
"Laptop ultraportabil ASUS Zenbook S 13 OLED UM5302TA cu procesor AMD Ryzen™ 5 6600H pana la 4.50 GHz, 13.3"", 2.8K OLED, Touch, 8GB, 512GB SSD, AMD Radeon™ Graphics, Windows 11 Home, Vestige Beige",https://www.emag.ro/laptop-ultraportabil-asus-zenbook-s-13-oled-um5302ta-cu-procesor-amd-ryzentm-5-6600h-pana-la-4-50-ghz-13-3-2-8k-oled-touch-8gb-512gb-ssd-amd-radeontm-graphics-windows-11-home-vestige-beige-um5302ta-lx/pd/D84WBQMBM/?
"Laptop ASUS X515MA-EJ493 cu procesor Intel Celeron N4020, 15.6"" FHD, 8GB, 256GB SSD, Intel UHD Graphics 600, No OS, Transparent Silver",https://www.emag.ro/laptop-asus-cu-procesor-intel-celeron-n4020-15-6-fhd-8gb-256gb-ssd-intel-uhd-graphics-600-no-os-transparent-silver-x515ma-ej493/pd/D8HFSZMBM/?
"Laptop Gaming Lenovo IdeaPad 3 15ACH6 cu procesor AMD Ryzen™ 7 5800H pana la 4.40 GHz, 15.6'', Full HD, IPS, 120Hz, 16GB, 512GB SSD, NVIDIA GeForce RTX 3050 Ti 4GB, No OS, Shadow Black",https://www.emag.ro/laptop-gaming-lenovo-ideapad-3-15ach6-cu-procesor-amd-ryzentm-7-5800h-pana-la-4-40-ghz-15-6-full-hd-ips-120hz-16gb-512gb-ssd-nvidia-geforce-rtx-3050-ti-4gb-no-os-shadow-black-82k201usrm/pd/DN6Y8LMBM/?
"Laptop HP Pavilion Gaming 15-ec2086nq cu procesor AMD Ryzen™ 7 5800H, 15.6"", Full HD, 8GB, 512GB SSD, NVIDIA® GeForce RTX™ 3050 Ti, No OS, Black",https://www.emag.ro/laptop-hp-pavilion-gaming-15-ec2086nq-cu-procesor-amd-ryzentm-7-5800h-15-6-full-hd-8gb-512gb-ssd-nvidiar-geforce-rtxtm-3050-ti-no-os-black-5d4w8ea/pd/D8L9N4MBM/?
"Laptop Tesla E14WP cu procesor Intel® Celeron® N3060 pana la 2.48 GHz, 14"", HD, 4GB, 120GB SSD, Windows 10 Pro, Dark Brown",https://www.emag.ro/laptop-tesla-e14wp-cu-procesor-intelr-celeronr-n3060-pana-la-2-48-ghz-14-hd-4gb-120gb-ssd-windows-10-pro-dark-brown-tne14wp-r/pd/DL27KCMBM/?
"Laptop Gaming ASUS TUF Gaming F15 FX506HC cu procesor Intel® Core™ i5-11400H pana la 4.50 GHz, 15.6"", Full HD, IPS, 144Hz, 8GB, 1TB PCIe® 3.0 NVMe™ M.2 SSD, NVIDIA® GeForce RTX™ 3050 4GB GDDR6, No OS, Eclipse Gray",https://www.emag.ro/laptop-gaming-asus-tuf-gaming-f15-fx506hc-cu-procesor-intelr-coretm-i5-11400h-pana-la-4-50-ghz-15-6-full-hd-ips-144hz-8gb-1tb-pcier-3-0-nvmetm-m-2-ssd-nvidiar-geforce-rtxtm-3050-4gb-gddr6-no-os-eclips/pd/D8W6HZMBM/?
"Laptop Apple MacBook Pro 14 (2021) cu procesor Apple M1 Pro, 10 nuclee CPU and 16 nuclee GPU, 16GB, 1TB SSD, Space Grey, RO Kb",https://www.emag.ro/laptop-apple-macbook-pro-14-2021-cu-procesor-apple-m1-pro-10-nuclee-cpu-and-16-nuclee-gpu-16gb-1tb-ssd-space-grey-ro-kb-mkgq3ro-a/pd/D60SVXMBM/?
"Laptop ASUS VivoBook 15X M1503QA-L1169 cu procesor AMD Ryzen 5 5600H pana la 4.2 GHz, 15.6"", Full HD, OLED, 8GB, 512GB SSD, AMD Radeon™ Graphics, No OS, Quiet Blue",https://www.emag.ro/laptop-asus-vivobook-15x-cu-procesor-amd-ryzen-5-5600h-pana-la-4-2-ghz-15-6-full-hd-oled-8gb-512gb-ssd-amd-radeontm-graphics-no-os-quiet-blue-m1503qa-l1169/pd/D7PFSZMBM/?
"Laptop Gaming ASUS ROG Strix G15 G513RS cu procesor AMD Ryzen™ 9 6900HX, 15.6"", Full HD, 300Hz, 16GB, 1TB SSD, NVIDIA® GeForce RTX™ 3080, No OS, Volt Green",https://www.emag.ro/laptop-gaming-asus-rog-strix-g15-g513rs-cu-procesor-amd-ryzentm-9-6900hx-15-6-full-hd-300hz-16gb-1tb-ssd-nvidiar-geforce-rtxtm-3080-no-os-volt-green-g513rs-hf016/pd/DDW06VMBM/?
"Laptop Lenovo IdeaPad Flex 5 14ITL05 cu procesor Intel® Core™ i5-1135G7 pana la 4.20 GHz, 14"", Full HD, 16GB DDR4, 512GB SSD, Intel® Iris® Xe Graphics, Windows 11 Home, Abyss Blue",https://www.emag.ro/laptop-lenovo-ideapad-flex-5-14itl05-cu-procesor-intelr-coretm-i5-1135g7-pana-la-4-20-ghz-14-full-hd-16gb-ddr4-512gb-ssd-intelr-irisr-xe-graphics-windows-11-home-abyss-blue-82hs01aprm/pd/DQLRWZMBM/?
"Laptop Lenovo IdeaPad 5 Pro 16ARH7 cu procesor AMD Ryzen™ 5 6600HS Creator Edition pana la 4.50 GHz, 16'', 2.5K, IPS, 120Hz, 16GB DDR5, 512GB SSD, AMD Radeon 660M Graphics, No OS, Cloud Grey",https://www.emag.ro/laptop-lenovo-ideapad-5-pro-16arh7-cu-procesor-amd-ryzentm-5-6600hs-creator-edition-pana-la-4-50-ghz-16-2-5k-ips-120hz-16gb-ddr5-512gb-ssd-amd-radeon-660m-graphics-no-os-cloud-grey-82sn005grm/pd/D76Y8LMBM/?
"Laptop Gaming HP OMEN 16-k0003nq cu procesor Intel® Core™ i9-12900H pana la 5.00 GHz, 16.1"", QHD, IPS, 16GB, 512GB SSD, NVIDIA® GeForce RTX™ 3070 Ti 8GB, Windows 11 Home, Shadow Black",https://www.emag.ro/laptop-gaming-hp-omen-16-k0003nq-cu-procesor-intelr-coretm-i9-12900h-pana-la-5-00-ghz-16-1-qhd-ips-16gb-512gb-ssd-nvidiar-geforce-rtxtm-3070-ti-8gb-windows-11-home-shadow-black-6m3a0ea/pd/DX9KBZMBM/?
"Laptop Dell Vostro 3420 cu procesor Intel® Core™ i7-1165G7 pana la 4.70 GHz, 14'', FHD, 16GB DDR4, 512GB SSD, Intel Iris Xe, Linux, Carbon Black, 3y Basic Onsite Service Warranty",https://www.emag.ro/laptop-dell-vostro-3420-cu-procesor-intelr-coretm-i7-1165g7-pana-la-4-70-ghz-14-fhd-16gb-ddr4-512gb-ssd-intel-iris-xe-linux-carbon-black-3y-basic-onsite-service-warranty-n2022vnb3420emea-u/pd/DK9CW4MBM/?
"Laptop ASUS VivoBook 15 X1500EA cu procesor Intel® Core™ i7-1165G7 pana la 4.70 GHz, 15.6"", Full HD, IPS, 16GB, 1TB HDD + 512GB SSD, Intel Iris Xᵉ Graphics, No OS",https://www.emag.ro/laptop-asus-vivobook-15-x1500ea-cu-procesor-intelr-coretm-i7-1165g7-pana-la-4-70-ghz-15-6-full-hd-ips-16gb-1tb-hdd-512gb-ssd-intel-iris-x-graphics-no-os-x1500ea-bq2343/pd/D0DZBZMBM/?
"Laptop Dell Inspiron 3511 cu procesor Intel® Core™ i5-1135G7 pana la 4.20 GHz, 15.6"" FHD, 8GB, 512GB M.2 PCIe NVMe SSD, Intel® Iris® Xe Graphics, Ubuntu",https://www.emag.ro/laptop-dell-inspiron-3511-cu-procesor-intelr-coretm-i5-1135g7-pana-la-4-20-ghz-15-6-fhd-8gb-512gb-m-2-pcie-nvme-ssd-intelr-irisr-xe-graphics-ubuntu-di3511i58512ub/pd/DG4WXZMBM/?
"Laptop ultraportabil ASUS E410MA cu procesor Intel® Celeron® N4020 pana la 2.80 GHz, 14"", 4GB, 256GB M.2 NVMe™ PCIe® 3.0 SSD, Intel® UHD Graphics 600, No OS",https://www.emag.ro/laptop-ultraportabil-asus-e410ma-cu-procesor-intelr-celeronr-n4020-pana-la-2-80-ghz-14-4gb-256gb-m-2-nvmetm-pcier-3-0-ssd-intelr-uhd-graphics-600-no-os-e410ma-bv1827/pd/D1G3BCMBM/?
"Laptop ultraportabil Acer Aspire 3 A317-33 cu procesor Intel® Pentium® Silver N6000 pana la 3.30 GHz, 17.3"", Full HD, IPS, 8GB, 512GB SSD, Intel® UHD Graphics, No OS, Silver",https://www.emag.ro/laptop-ultraportabil-acer-aspire-3-a317-33-cu-procesor-intelr-pentiumr-silver-n6000-pana-la-3-30-ghz-17-3-full-hd-ips-8gb-512gb-ssd-intelr-uhd-graphics-no-os-silver-nx-a6tex-001/pd/D6DVNNMBM/?
"Laptop Gaming HP VICTUS 15-fb0010nq cu procesor AMD Ryzen™ 5 5600H pana la 4.20, 15.6"", Full HD, 16GB, 512GB SSD, Nvidia GeForce RTX 3050 Ti 4GB, Free DOS, Mica Silver",https://www.emag.ro/laptop-gaming-hp-victus-15-fb0010nq-cu-procesor-amd-ryzentm-5-5600h-pana-la-4-20-15-6-full-hd-16gb-512gb-ssd-nvidia-geforce-rtx-3050-ti-4gb-free-dos-mica-silver-6m2q7ea/pd/DMGG6CMBM/?
"Laptop HP 15s-eq3019nq cu procesor AMD Ryzen™ 5 5625U pana la 4.30 GHz, 15.6"", Full HD, 8GB, 512GB PCIe SSD, AMD Radeon Integrated Graphics, FreeDOS, Spruce Blue",https://www.emag.ro/laptop-hp-15s-eq3019nq-cu-procesor-amd-ryzentm-5-5625u-pana-la-4-30-ghz-15-6-full-hd-8gb-512gb-pcie-ssd-amd-radeon-integrated-graphics-freedos-spruce-blue-6m2e7ea/pd/DLRQPZMBM/?
"Laptop HP 250 G9 cu procesor Intel® Core™ i5-1235U pana la 4.40 GHz, 15.6"", Full HD, 8GB, 256GB SSD, Intel® Iris® Xe Graphics, Free DOS, Dark Ash Silver",https://www.emag.ro/laptop-hp-250-g9-cu-procesor-intelr-coretm-i5-1235u-pana-la-4-40-ghz-15-6-full-hd-8gb-256gb-ssd-intelr-irisr-xe-graphics-free-dos-dark-ash-silver-6f1z9ea/pd/DJ2VBZMBM/?
"Laptop ASUS Zenbook Pro Duo 15 UX582ZW cu procesor Intel® Core™ i7-12700H pana la 4.70 GHz, 15.6"", 4K, OLED, Touch, 32GB, 1TB SSD, NVIDIA® GeForce® RTX™ 3070 Ti 8GB GDDR6, Windows 11 Pro",https://www.emag.ro/laptop-asus-zenbook-pro-duo-15-ux582zw-cu-procesor-intelr-coretm-i7-12700h-pana-la-4-70-ghz-15-6-4k-oled-touch-32gb-1tb-ssd-nvidiar-geforcer-rtxtm-3070-ti-8gb-gddr6-windows-11-pro-ux582zw-h2021x/pd/DYB8HZMBM/?
"Laptop Gaming Acer Nitro 5 AN517-55 cu procesor Intel® Core™ i7-12700H pana la 4.70 GHz, 17.3"", Full HD, IPS, 144Hz, 32GB, 512GB SSD, NVIDIA® GeForce RTX™ 3060 6GB, No OS, Black",https://www.emag.ro/laptop-gaming-acer-nitro-5-an517-55-cu-procesor-intelr-coretm-i7-12700h-pana-la-4-70-ghz-17-3-full-hd-ips-144hz-32gb-512gb-ssd-nvidiar-geforce-rtxtm-3060-6gb-no-os-black-nh-qfwex-00d/pd/DXW0KQMBM/?
"Laptop HP 255 G9 cu procesor AMD Ryzen 5 5625U pana la 4.3 GHz, 15.6"" Full HD, 8GB, 512GB SSD, AMD Radeon Graphics, FreeDOS, Asteroid Silver",https://www.emag.ro/laptop-hp-255-g9-cu-procesor-amd-ryzen-5-5625u-pana-la-4-3-ghz-15-6-full-hd-8gb-512gb-ssd-amd-radeon-graphics-freedos-asteroid-silver-5y3x5ea/pd/D4YVCZMBM/?
"Laptop ASUS VivoBook 15X M1503QA-L1170 cu procesor AMD Ryzen™ 7 5800H pana la 4.4 GHz, 15.6"" Full HD, OLED, 8GB, 512GB SSD, AMD Radeon™ Graphics, No OS, Quiet Blue",https://www.emag.ro/laptop-asus-vivobook-15x-cu-procesor-amd-ryzentm-7-5800h-pana-la-4-4-ghz-15-6-full-hd-oled-8gb-512gb-ssd-amd-radeontm-graphics-no-os-quiet-blue-m1503qa-l1170/pd/DMPFSZMBM/?
